{
  "onnx_path": "models/yolo11/onnx/yolo11n-int8-qdq-proto.onnx",
  "data_root": "datasets/coco2017/source-data",
  "instances": "datasets/coco2017/source-data/annotations/instances_val2017.json",
  "images_dir": "datasets/coco2017/source-data/val2017",
  "providers": [
    "CUDAExecutionProvider",
    "CPUExecutionProvider"
  ],
  "imgsz": 640,
  "max_images": 100,
  "conf": 0.001,
  "iou": 0.7,
  "metrics": {
    "mAP_50_95": 0.41086616521029884,
    "mAP_50": 0.5770128296680885,
    "mAP_75": 0.4561986843400551,
    "mAP_small": 0.25926912508920325,
    "mAP_medium": 0.44243894940527195,
    "mAP_large": 0.6601073974505379,
    "num_images": 100,
    "num_detections": 13991
  },
  "latency": {
    "mean_ms": 20.117433229461312,
    "median_ms": 13.27041839249432,
    "p90_ms": 13.489778060466051,
    "throughput_fps": 49.708130684163685
  }
}