{
  "onnx_path": "models/yolo11/onnx/yolo11n-int8-qdq-proto.onnx",
  "data_root": "datasets/coco2017/source-data",
  "instances": "datasets/coco2017/source-data/annotations/instances_val2017.json",
  "images_dir": "datasets/coco2017/source-data/val2017",
  "providers": [
    "CUDAExecutionProvider",
    "CPUExecutionProvider"
  ],
  "imgsz": 640,
  "max_images": 50,
  "conf": 0.001,
  "iou": 0.7,
  "metrics": {
    "mAP_50_95": 0.39075399030322416,
    "mAP_50": 0.5376980720347122,
    "mAP_75": 0.43753606579719195,
    "mAP_small": 0.19367159084864918,
    "mAP_medium": 0.463788116327271,
    "mAP_large": 0.6464877161132888,
    "num_images": 50,
    "num_detections": 6823
  },
  "latency": {
    "mean_ms": 29.355749934911728,
    "median_ms": 13.533061370253563,
    "p90_ms": 15.25774640031159,
    "throughput_fps": 34.064876632933036
  }
}