{
  "onnx_path": "tmp/yolov10m_brevitas_w4a8_w4a16/2025-12-23_16-12-40/onnx/yolov10m-w4a8-qcdq-qat-pl-opt.onnx",
  "data_root": "datasets/coco2017/source-data",
  "instances": "datasets/coco2017/source-data/annotations/instances_val2017.json",
  "images_dir": "datasets/coco2017/source-data/val2017",
  "providers": [
    "CUDAExecutionProvider",
    "CPUExecutionProvider"
  ],
  "imgsz": 640,
  "max_images": 100,
  "warmup_runs": 10,
  "skip_latency": 10,
  "conf": 0.001,
  "iou": 0.7,
  "max_det": 300,
  "pre_nms_topk": 30000,
  "metrics": {
    "mAP_50_95": 0.21564751467222879,
    "mAP_50": 0.4149540112788457,
    "mAP_75": 0.21062378493016432,
    "mAP_small": 0.06328423631549458,
    "mAP_medium": 0.22311311885934237,
    "mAP_large": 0.4492361889848516,
    "num_images": 100,
    "num_detections": 30000
  },
  "latency": {
    "mean_ms": 5.263668211409822,
    "median_ms": 5.255399002635386,
    "p90_ms": 5.33609870399232,
    "throughput_fps": 189.98157935417433
  }
}