{
  "onnx_path": "tmp/yolov10m_brevitas_w4a8_w4a16/2025-12-23_16-12-40/onnx/yolov10m-w4a8-qcdq-qat-opt.onnx",
  "data_root": "datasets/coco2017/source-data",
  "instances": "datasets/coco2017/source-data/annotations/instances_val2017.json",
  "images_dir": "datasets/coco2017/source-data/val2017",
  "providers": [
    "CUDAExecutionProvider",
    "CPUExecutionProvider"
  ],
  "imgsz": 640,
  "max_images": 100,
  "warmup_runs": 10,
  "skip_latency": 10,
  "conf": 0.001,
  "iou": 0.7,
  "max_det": 300,
  "pre_nms_topk": 30000,
  "metrics": {
    "mAP_50_95": 0.29119648096274386,
    "mAP_50": 0.4949330192144144,
    "mAP_75": 0.27931812077600277,
    "mAP_small": 0.07155253407234324,
    "mAP_medium": 0.2958497598664325,
    "mAP_large": 0.5597255543350277,
    "num_images": 100,
    "num_detections": 30000
  },
  "latency": {
    "mean_ms": 5.291491499762438,
    "median_ms": 5.291253000905272,
    "p90_ms": 5.348147000040626,
    "throughput_fps": 188.98263373283223
  }
}